old_name,input_directory,new_name_1_component,new_name_2_components,new_name_3_components
wf_claude_claude-3-5-haiku-20241022_narrative_20251010_211438,C:\Users\kelly\GitHub\idt\idtexternal\testimages,wf_testimages_claude_claude-3-5-haiku-20241022_narrative_20251010_211438,wf_idtexternal_testimages_claude_claude-3-5-haiku-20241022_narrative_20251010_211438,wf_idt_idtexternal_testimages_claude_claude-3-5-haiku-20241022_narrative_20251010_211438
wf_claude_claude-3-5-haiku-20241022_narrative_20251011_004240,C:\Users\kelly\GitHub\idt\idtexternal\idt\bat\testimages,wf_testimages_claude_claude-3-5-haiku-20241022_narrative_20251011_004240,wf_bat_testimages_claude_claude-3-5-haiku-20241022_narrative_20251011_004240,wf_idt_bat_testimages_claude_claude-3-5-haiku-20241022_narrative_20251011_004240
wf_claude_claude-3-7-sonnet-20250219_detailed_20251009_163048,c:\idt\testimages,wf_testimages_claude_claude-3-7-sonnet-20250219_detailed_20251009_163048,wf_idt_testimages_claude_claude-3-7-sonnet-20250219_detailed_20251009_163048,wf_c_idt_testimages_claude_claude-3-7-sonnet-20250219_detailed_20251009_163048
wf_claude_claude-3-7-sonnet-20250219_detailed_20251009_163658,C:\idt\testimages,wf_testimages_claude_claude-3-7-sonnet-20250219_detailed_20251009_163658,wf_idt_testimages_claude_claude-3-7-sonnet-20250219_detailed_20251009_163658,wf_c_idt_testimages_claude_claude-3-7-sonnet-20250219_detailed_20251009_163658
wf_claude_claude-3-7-sonnet-20250219_narrative_20251010_211254,C:\Users\kelly\GitHub\idt\idtexternal\testimages,wf_testimages_claude_claude-3-7-sonnet-20250219_narrative_20251010_211254,wf_idtexternal_testimages_claude_claude-3-7-sonnet-20250219_narrative_20251010_211254,wf_idt_idtexternal_testimages_claude_claude-3-7-sonnet-20250219_narrative_20251010_211254
wf_claude_claude-3-7-sonnet-20250219_narrative_20251011_004145,C:\Users\kelly\GitHub\idt\idtexternal\idt\bat\testimages,wf_testimages_claude_claude-3-7-sonnet-20250219_narrative_20251011_004145,wf_bat_testimages_claude_claude-3-7-sonnet-20250219_narrative_20251011_004145,wf_idt_bat_testimages_claude_claude-3-7-sonnet-20250219_narrative_20251011_004145
wf_claude_claude-3-haiku-20240307_colorful_20251009_201523,\\ford\home\Photos\MobileBackup\iPhone\2025\09,wf_09_claude_claude-3-haiku-20240307_colorful_20251009_201523,wf_2025_09_claude_claude-3-haiku-20240307_colorful_20251009_201523,wf_iphone_2025_09_claude_claude-3-haiku-20240307_colorful_20251009_201523
wf_claude_claude-3-haiku-20240307_colorful_20251009_202500,C:\Users\kelly\GitHub\idt\test_output,wf_test_output_claude_claude-3-haiku-20240307_colorful_20251009_202500,wf_idt_test_output_claude_claude-3-haiku-20240307_colorful_20251009_202500,wf_github_idt_test_output_claude_claude-3-haiku-20240307_colorful_20251009_202500
wf_claude_claude-3-haiku-20240307_detailed_20251009_190028,C:\Users\kelly\GitHub\idt\test_images,wf_test_images_claude_claude-3-haiku-20240307_detailed_20251009_190028,wf_idt_test_images_claude_claude-3-haiku-20240307_detailed_20251009_190028,wf_github_idt_test_images_claude_claude-3-haiku-20240307_detailed_20251009_190028
wf_claude_claude-3-haiku-20240307_detailed_20251009_193508,C:\idt\testimages,wf_testimages_claude_claude-3-haiku-20240307_detailed_20251009_193508,wf_idt_testimages_claude_claude-3-haiku-20240307_detailed_20251009_193508,wf_c_idt_testimages_claude_claude-3-haiku-20240307_detailed_20251009_193508
wf_claude_claude-3-haiku-20240307_narrative_20251010_201313,C:\Users\kelly\GitHub\idt\idtexternal\testimages,wf_testimages_claude_claude-3-haiku-20240307_narrative_20251010_201313,wf_idtexternal_testimages_claude_claude-3-haiku-20240307_narrative_20251010_201313,wf_idt_idtexternal_testimages_claude_claude-3-haiku-20240307_narrative_20251010_201313
wf_claude_claude-3-haiku-20240307_narrative_20251010_210405,\\ford\home\photos\MobileBackup\iPhone\2025\09,wf_09_claude_claude-3-haiku-20240307_narrative_20251010_210405,wf_2025_09_claude_claude-3-haiku-20240307_narrative_20251010_210405,wf_iphone_2025_09_claude_claude-3-haiku-20240307_narrative_20251010_210405
wf_claude_claude-3-haiku-20240307_narrative_20251010_211627,C:\Users\kelly\GitHub\idt\idtexternal\testimages,wf_testimages_claude_claude-3-haiku-20240307_narrative_20251010_211627,wf_idtexternal_testimages_claude_claude-3-haiku-20240307_narrative_20251010_211627,wf_idt_idtexternal_testimages_claude_claude-3-haiku-20240307_narrative_20251010_211627
wf_claude_claude-3-haiku-20240307_narrative_20251011_004324,C:\Users\kelly\GitHub\idt\idtexternal\idt\bat\testimages,wf_testimages_claude_claude-3-haiku-20240307_narrative_20251011_004324,wf_bat_testimages_claude_claude-3-haiku-20240307_narrative_20251011_004324,wf_idt_bat_testimages_claude_claude-3-haiku-20240307_narrative_20251011_004324
wf_claude_claude-3-haiku-20240307_narrative_20251011_014406,\\ford\home\photos\MobileBackup\iPhone\2025\09,wf_09_claude_claude-3-haiku-20240307_narrative_20251011_014406,wf_2025_09_claude_claude-3-haiku-20240307_narrative_20251011_014406,wf_iphone_2025_09_claude_claude-3-haiku-20240307_narrative_20251011_014406
wf_claude_claude-3-haiku-20240307_narrative_20251011_100046,\\ford\home\photos\MobileBackup\iPhone\2025\08,wf_08_claude_claude-3-haiku-20240307_narrative_20251011_100046,wf_2025_08_claude_claude-3-haiku-20240307_narrative_20251011_100046,wf_iphone_2025_08_claude_claude-3-haiku-20240307_narrative_20251011_100046
wf_claude_claude-3-haiku-20240307_narrative_20251011_103631,\\ford\home\photos\MobileBackup\iPhone\2025\07,wf_07_claude_claude-3-haiku-20240307_narrative_20251011_103631,wf_2025_07_claude_claude-3-haiku-20240307_narrative_20251011_103631,wf_iphone_2025_07_claude_claude-3-haiku-20240307_narrative_20251011_103631
wf_claude_claude-opus-4-1-20250805_detailed_20251009_162857,c:\idt\testimages,wf_testimages_claude_claude-opus-4-1-20250805_detailed_20251009_162857,wf_idt_testimages_claude_claude-opus-4-1-20250805_detailed_20251009_162857,wf_c_idt_testimages_claude_claude-opus-4-1-20250805_detailed_20251009_162857
wf_claude_claude-opus-4-1-20250805_detailed_20251009_163646,C:\idt\testimages,wf_testimages_claude_claude-opus-4-1-20250805_detailed_20251009_163646,wf_idt_testimages_claude_claude-opus-4-1-20250805_detailed_20251009_163646,wf_c_idt_testimages_claude_claude-opus-4-1-20250805_detailed_20251009_163646
wf_claude_claude-opus-4-1-20250805_narrative_20251010_210506,C:\Users\kelly\GitHub\idt\idtexternal\testimages,wf_testimages_claude_claude-opus-4-1-20250805_narrative_20251010_210506,wf_idtexternal_testimages_claude_claude-opus-4-1-20250805_narrative_20251010_210506,wf_idt_idtexternal_testimages_claude_claude-opus-4-1-20250805_narrative_20251010_210506
wf_claude_claude-opus-4-1-20250805_narrative_20251011_003852,C:\Users\kelly\GitHub\idt\idtexternal\idt\bat\testimages,wf_testimages_claude_claude-opus-4-1-20250805_narrative_20251011_003852,wf_bat_testimages_claude_claude-opus-4-1-20250805_narrative_20251011_003852,wf_idt_bat_testimages_claude_claude-opus-4-1-20250805_narrative_20251011_003852
wf_claude_claude-opus-4-20250514_detailed_20251009_163011,c:\idt\testimages,wf_testimages_claude_claude-opus-4-20250514_detailed_20251009_163011,wf_idt_testimages_claude_claude-opus-4-20250514_detailed_20251009_163011,wf_c_idt_testimages_claude_claude-opus-4-20250514_detailed_20251009_163011
wf_claude_claude-opus-4-20250514_detailed_20251009_163654,C:\idt\testimages,wf_testimages_claude_claude-opus-4-20250514_detailed_20251009_163654,wf_idt_testimages_claude_claude-opus-4-20250514_detailed_20251009_163654,wf_c_idt_testimages_claude_claude-opus-4-20250514_detailed_20251009_163654
wf_claude_claude-opus-4-20250514_narrative_20251010_211036,C:\Users\kelly\GitHub\idt\idtexternal\testimages,wf_testimages_claude_claude-opus-4-20250514_narrative_20251010_211036,wf_idtexternal_testimages_claude_claude-opus-4-20250514_narrative_20251010_211036,wf_idt_idtexternal_testimages_claude_claude-opus-4-20250514_narrative_20251010_211036
wf_claude_claude-opus-4-20250514_narrative_20251011_004046,C:\Users\kelly\GitHub\idt\idtexternal\idt\bat\testimages,wf_testimages_claude_claude-opus-4-20250514_narrative_20251011_004046,wf_bat_testimages_claude_claude-opus-4-20250514_narrative_20251011_004046,wf_idt_bat_testimages_claude_claude-opus-4-20250514_narrative_20251011_004046
wf_claude_claude-sonnet-4-20250514_detailed_20251009_162941,c:\idt\testimages,wf_testimages_claude_claude-sonnet-4-20250514_detailed_20251009_162941,wf_idt_testimages_claude_claude-sonnet-4-20250514_detailed_20251009_162941,wf_c_idt_testimages_claude_claude-sonnet-4-20250514_detailed_20251009_162941
wf_claude_claude-sonnet-4-20250514_detailed_20251009_163650,C:\idt\testimages,wf_testimages_claude_claude-sonnet-4-20250514_detailed_20251009_163650,wf_idt_testimages_claude_claude-sonnet-4-20250514_detailed_20251009_163650,wf_c_idt_testimages_claude_claude-sonnet-4-20250514_detailed_20251009_163650
wf_claude_claude-sonnet-4-20250514_narrative_20251010_210805,C:\Users\kelly\GitHub\idt\idtexternal\testimages,wf_testimages_claude_claude-sonnet-4-20250514_narrative_20251010_210805,wf_idtexternal_testimages_claude_claude-sonnet-4-20250514_narrative_20251010_210805,wf_idt_idtexternal_testimages_claude_claude-sonnet-4-20250514_narrative_20251010_210805
wf_claude_claude-sonnet-4-20250514_narrative_20251011_003951,C:\Users\kelly\GitHub\idt\idtexternal\idt\bat\testimages,wf_testimages_claude_claude-sonnet-4-20250514_narrative_20251011_003951,wf_bat_testimages_claude_claude-sonnet-4-20250514_narrative_20251011_003951,wf_idt_bat_testimages_claude_claude-sonnet-4-20250514_narrative_20251011_003951
wf_claude_claude-sonnet-4-5-20250929_detailed_20251009_162823,c:\idt\testimages,wf_testimages_claude_claude-sonnet-4-5-20250929_detailed_20251009_162823,wf_idt_testimages_claude_claude-sonnet-4-5-20250929_detailed_20251009_162823,wf_c_idt_testimages_claude_claude-sonnet-4-5-20250929_detailed_20251009_162823
wf_claude_claude-sonnet-4-5-20250929_detailed_20251009_163642,C:\idt\testimages,wf_testimages_claude_claude-sonnet-4-5-20250929_detailed_20251009_163642,wf_idt_testimages_claude_claude-sonnet-4-5-20250929_detailed_20251009_163642,wf_c_idt_testimages_claude_claude-sonnet-4-5-20250929_detailed_20251009_163642
wf_claude_claude-sonnet-4-5-20250929_narrative_20251010_210251,C:\Users\kelly\GitHub\idt\idtexternal\testimages,wf_testimages_claude_claude-sonnet-4-5-20250929_narrative_20251010_210251,wf_idtexternal_testimages_claude_claude-sonnet-4-5-20250929_narrative_20251010_210251,wf_idt_idtexternal_testimages_claude_claude-sonnet-4-5-20250929_narrative_20251010_210251
wf_claude_claude-sonnet-4-5-20250929_narrative_20251011_003806,C:\Users\kelly\GitHub\idt\idtexternal\idt\bat\testimages,wf_testimages_claude_claude-sonnet-4-5-20250929_narrative_20251011_003806,wf_bat_testimages_claude_claude-sonnet-4-5-20250929_narrative_20251011_003806,wf_idt_bat_testimages_claude_claude-sonnet-4-5-20250929_narrative_20251011_003806
wf_ollama_bakllava_latest_detailed_20251009_162041,C:\idt\testimages,wf_testimages_ollama_bakllava_latest_detailed_20251009_162041,wf_idt_testimages_ollama_bakllava_latest_detailed_20251009_162041,wf_c_idt_testimages_ollama_bakllava_latest_detailed_20251009_162041
wf_ollama_bakllava_latest_detailed_20251009_183406,C:\idt\testimages,wf_testimages_ollama_bakllava_latest_detailed_20251009_183406,wf_idt_testimages_ollama_bakllava_latest_detailed_20251009_183406,wf_c_idt_testimages_ollama_bakllava_latest_detailed_20251009_183406
wf_ollama_bakllava_latest_detailed_20251009_190743,C:\Users\kelly\GitHub\idt\test_images,wf_test_images_ollama_bakllava_latest_detailed_20251009_190743,wf_idt_test_images_ollama_bakllava_latest_detailed_20251009_190743,wf_github_idt_test_images_ollama_bakllava_latest_detailed_20251009_190743
wf_ollama_bakllava_latest_detailed_20251009_191241,C:\Users\kelly\GitHub\idt\test_images,wf_test_images_ollama_bakllava_latest_detailed_20251009_191241,wf_idt_test_images_ollama_bakllava_latest_detailed_20251009_191241,wf_github_idt_test_images_ollama_bakllava_latest_detailed_20251009_191241
wf_ollama_bakllava_latest_narrative_20251010_001029,C:\Users\kelly\OneDrive\personal\Pictures\iphone,wf_iphone_ollama_bakllava_latest_narrative_20251010_001029,wf_pictures_iphone_ollama_bakllava_latest_narrative_20251010_001029,wf_personal_pictures_iphone_ollama_bakllava_latest_narrative_20251010_001029
wf_ollama_bakllava_latest_narrative_20251010_204558,C:\Users\kelly\GitHub\idt\idtexternal\testimages,wf_testimages_ollama_bakllava_latest_narrative_20251010_204558,wf_idtexternal_testimages_ollama_bakllava_latest_narrative_20251010_204558,wf_idt_idtexternal_testimages_ollama_bakllava_latest_narrative_20251010_204558
wf_ollama_bakllava_latest_narrative_20251010_213726,\\ford\home\photos\MobileBackup\iPhone\2025\09,wf_09_ollama_bakllava_latest_narrative_20251010_213726,wf_2025_09_ollama_bakllava_latest_narrative_20251010_213726,wf_iphone_2025_09_ollama_bakllava_latest_narrative_20251010_213726
wf_ollama_bakllava_latest_narrative_20251011_002542,C:\Users\kelly\GitHub\idt\idtexternal\testimages,wf_testimages_ollama_bakllava_latest_narrative_20251011_002542,wf_idtexternal_testimages_ollama_bakllava_latest_narrative_20251011_002542,wf_idt_idtexternal_testimages_ollama_bakllava_latest_narrative_20251011_002542
wf_ollama_claude-opus-4-20250514_technical_20251010_162250,C:\users\kelly\github\testimages,wf_testimages_ollama_claude-opus-4-20250514_technical_20251010_162250,wf_github_testimages_ollama_claude-opus-4-20250514_technical_20251010_162250,wf_kelly_github_testimages_ollama_claude-opus-4-20250514_technical_20251010_162250
wf_ollama_gemma3_artistic_20251009_215359,\\ford\home\photos\MobileBackup\iPhone\2025\09,wf_09_ollama_gemma3_artistic_20251009_215359,wf_2025_09_ollama_gemma3_artistic_20251009_215359,wf_iphone_2025_09_ollama_gemma3_artistic_20251009_215359
wf_ollama_gemma3_colorful_20251009_200830,\\ford\home\Photos\MobileBackup\iPhone\2025\09,wf_09_ollama_gemma3_colorful_20251009_200830,wf_2025_09_ollama_gemma3_colorful_20251009_200830,wf_iphone_2025_09_ollama_gemma3_colorful_20251009_200830
wf_ollama_gemma3_colorful_20251009_211816,c:\idt\testimages,wf_testimages_ollama_gemma3_colorful_20251009_211816,wf_idt_testimages_ollama_gemma3_colorful_20251009_211816,wf_c_idt_testimages_ollama_gemma3_colorful_20251009_211816
wf_ollama_gemma3_latest_colorful_20251009_212606,C:\Users\kelly\GitHub\idt\test_output,wf_test_output_ollama_gemma3_latest_colorful_20251009_212606,wf_idt_test_output_ollama_gemma3_latest_colorful_20251009_212606,wf_github_idt_test_output_ollama_gemma3_latest_colorful_20251009_212606
wf_ollama_gemma3_latest_detailed_20251009_162049,C:\idt\testimages,wf_testimages_ollama_gemma3_latest_detailed_20251009_162049,wf_idt_testimages_ollama_gemma3_latest_detailed_20251009_162049,wf_c_idt_testimages_ollama_gemma3_latest_detailed_20251009_162049
wf_ollama_gemma3_latest_detailed_20251009_183409,C:\idt\testimages,wf_testimages_ollama_gemma3_latest_detailed_20251009_183409,wf_idt_testimages_ollama_gemma3_latest_detailed_20251009_183409,wf_c_idt_testimages_ollama_gemma3_latest_detailed_20251009_183409
wf_ollama_gemma3_latest_detailed_20251009_190635,C:\Users\kelly\GitHub\idt\test_images,wf_test_images_ollama_gemma3_latest_detailed_20251009_190635,wf_idt_test_images_ollama_gemma3_latest_detailed_20251009_190635,wf_github_idt_test_images_ollama_gemma3_latest_detailed_20251009_190635
wf_ollama_gemma3_latest_detailed_20251009_205812,C:\idt\testimages,wf_testimages_ollama_gemma3_latest_detailed_20251009_205812,wf_idt_testimages_ollama_gemma3_latest_detailed_20251009_205812,wf_c_idt_testimages_ollama_gemma3_latest_detailed_20251009_205812
wf_ollama_gemma3_latest_narrative_20251010_212121,C:\Users\kelly\GitHub\idt\idtexternal\testimages,wf_testimages_ollama_gemma3_latest_narrative_20251010_212121,wf_idtexternal_testimages_ollama_gemma3_latest_narrative_20251010_212121,wf_idt_idtexternal_testimages_ollama_gemma3_latest_narrative_20251010_212121
wf_ollama_gemma3_latest_narrative_20251011_004556,C:\Users\kelly\GitHub\idt\idtexternal\testimages,wf_testimages_ollama_gemma3_latest_narrative_20251011_004556,wf_idtexternal_testimages_ollama_gemma3_latest_narrative_20251011_004556,wf_idt_idtexternal_testimages_ollama_gemma3_latest_narrative_20251011_004556
wf_ollama_gemma3_latest_narrative_20251011_104313,\\ford\home\photos\MobileBackup\iPhone\2025\09,wf_09_ollama_gemma3_latest_narrative_20251011_104313,wf_2025_09_ollama_gemma3_latest_narrative_20251011_104313,wf_iphone_2025_09_ollama_gemma3_latest_narrative_20251011_104313
wf_ollama_gpt-oss_latest_narrative_20251010_210205,C:\Users\kelly\GitHub\idt\idtexternal\testimages,wf_testimages_ollama_gpt-oss_latest_narrative_20251010_210205,wf_idtexternal_testimages_ollama_gpt-oss_latest_narrative_20251010_210205,wf_idt_idtexternal_testimages_ollama_gpt-oss_latest_narrative_20251010_210205
wf_ollama_gpt-oss_latest_narrative_20251010_232841,\\ford\home\photos\MobileBackup\iPhone\2025\09,wf_09_ollama_gpt-oss_latest_narrative_20251010_232841,wf_2025_09_ollama_gpt-oss_latest_narrative_20251010_232841,wf_iphone_2025_09_ollama_gpt-oss_latest_narrative_20251010_232841
wf_ollama_gpt-oss_latest_narrative_20251011_003414,C:\Users\kelly\GitHub\idt\idtexternal\testimages,wf_testimages_ollama_gpt-oss_latest_narrative_20251011_003414,wf_idtexternal_testimages_ollama_gpt-oss_latest_narrative_20251011_003414,wf_idt_idtexternal_testimages_ollama_gpt-oss_latest_narrative_20251011_003414
wf_ollama_llama3.1_latest_narrative_20251010_220601,C:\Users\kelly\GitHub\idt\idtexternal\testimages,wf_testimages_ollama_llama3.1_latest_narrative_20251010_220601,wf_idtexternal_testimages_ollama_llama3.1_latest_narrative_20251010_220601,wf_idt_idtexternal_testimages_ollama_llama3.1_latest_narrative_20251010_220601
wf_ollama_llama3.1_latest_narrative_20251011_005953,C:\Users\kelly\GitHub\idt\idtexternal\testimages,wf_testimages_ollama_llama3.1_latest_narrative_20251011_005953,wf_idtexternal_testimages_ollama_llama3.1_latest_narrative_20251011_005953,wf_idt_idtexternal_testimages_ollama_llama3.1_latest_narrative_20251011_005953
wf_ollama_llama3.2-vision_11b_narrative_20251010_212709,C:\Users\kelly\GitHub\idt\idtexternal\testimages,wf_testimages_ollama_llama3.2-vision_11b_narrative_20251010_212709,wf_idtexternal_testimages_ollama_llama3.2-vision_11b_narrative_20251010_212709,wf_idt_idtexternal_testimages_ollama_llama3.2-vision_11b_narrative_20251010_212709
wf_ollama_llama3.2-vision_11b_narrative_20251011_004948,C:\Users\kelly\GitHub\idt\idtexternal\testimages,wf_testimages_ollama_llama3.2-vision_11b_narrative_20251011_004948,wf_idtexternal_testimages_ollama_llama3.2-vision_11b_narrative_20251011_004948,wf_idt_idtexternal_testimages_ollama_llama3.2-vision_11b_narrative_20251011_004948
wf_ollama_llama3.2-vision_colorful_20251009_175928,C:\idt\testimages,wf_testimages_ollama_llama3.2-vision_colorful_20251009_175928,wf_idt_testimages_ollama_llama3.2-vision_colorful_20251009_175928,wf_c_idt_testimages_ollama_llama3.2-vision_colorful_20251009_175928
wf_ollama_llama3.2-vision_latest_detailed_20251009_195505,C:\idt\testimages,wf_testimages_ollama_llama3.2-vision_latest_detailed_20251009_195505,wf_idt_testimages_ollama_llama3.2-vision_latest_detailed_20251009_195505,wf_c_idt_testimages_ollama_llama3.2-vision_latest_detailed_20251009_195505
wf_ollama_llama3.2-vision_latest_narrative_20251010_221729,C:\Users\kelly\GitHub\idt\idtexternal\testimages,wf_testimages_ollama_llama3.2-vision_latest_narrative_20251010_221729,wf_idtexternal_testimages_ollama_llama3.2-vision_latest_narrative_20251010_221729,wf_idt_idtexternal_testimages_ollama_llama3.2-vision_latest_narrative_20251010_221729
wf_ollama_llama3.2-vision_latest_narrative_20251011_010152,C:\Users\kelly\GitHub\idt\idtexternal\testimages,wf_testimages_ollama_llama3.2-vision_latest_narrative_20251011_010152,wf_idtexternal_testimages_ollama_llama3.2-vision_latest_narrative_20251011_010152,wf_idt_idtexternal_testimages_ollama_llama3.2-vision_latest_narrative_20251011_010152
wf_ollama_llava-llama3_latest_detailed_20251009_162033,C:\idt\testimages,wf_testimages_ollama_llava-llama3_latest_detailed_20251009_162033,wf_idt_testimages_ollama_llava-llama3_latest_detailed_20251009_162033,wf_c_idt_testimages_ollama_llava-llama3_latest_detailed_20251009_162033
wf_ollama_llava-llama3_latest_detailed_20251009_183358,C:\idt\testimages,wf_testimages_ollama_llava-llama3_latest_detailed_20251009_183358,wf_idt_testimages_ollama_llava-llama3_latest_detailed_20251009_183358,wf_c_idt_testimages_ollama_llava-llama3_latest_detailed_20251009_183358
wf_ollama_llava-llama3_latest_narrative_20251010_212317,C:\Users\kelly\GitHub\idt\idtexternal\testimages,wf_testimages_ollama_llava-llama3_latest_narrative_20251010_212317,wf_idtexternal_testimages_ollama_llava-llama3_latest_narrative_20251010_212317,wf_idt_idtexternal_testimages_ollama_llava-llama3_latest_narrative_20251010_212317
wf_ollama_llava-llama3_latest_narrative_20251011_004715,C:\Users\kelly\GitHub\idt\idtexternal\testimages,wf_testimages_ollama_llava-llama3_latest_narrative_20251011_004715,wf_idtexternal_testimages_ollama_llava-llama3_latest_narrative_20251011_004715,wf_idt_idtexternal_testimages_ollama_llava-llama3_latest_narrative_20251011_004715
wf_ollama_llava-phi3_latest_narrative_20251010_212528,C:\Users\kelly\GitHub\idt\idtexternal\testimages,wf_testimages_ollama_llava-phi3_latest_narrative_20251010_212528,wf_idtexternal_testimages_ollama_llava-phi3_latest_narrative_20251010_212528,wf_idt_idtexternal_testimages_ollama_llava-phi3_latest_narrative_20251010_212528
wf_ollama_llava-phi3_latest_narrative_20251011_004848,C:\Users\kelly\GitHub\idt\idtexternal\testimages,wf_testimages_ollama_llava-phi3_latest_narrative_20251011_004848,wf_idtexternal_testimages_ollama_llava-phi3_latest_narrative_20251011_004848,wf_idt_idtexternal_testimages_ollama_llava-phi3_latest_narrative_20251011_004848
wf_ollama_llava_13b_narrative_20251010_211800,C:\Users\kelly\GitHub\idt\idtexternal\testimages,wf_testimages_ollama_llava_13b_narrative_20251010_211800,wf_idtexternal_testimages_ollama_llava_13b_narrative_20251010_211800,wf_idt_idtexternal_testimages_ollama_llava_13b_narrative_20251010_211800
wf_ollama_llava_13b_narrative_20251011_004345,C:\Users\kelly\GitHub\idt\idtexternal\testimages,wf_testimages_ollama_llava_13b_narrative_20251011_004345,wf_idtexternal_testimages_ollama_llava_13b_narrative_20251011_004345,wf_idt_idtexternal_testimages_ollama_llava_13b_narrative_20251011_004345
wf_ollama_llava_34b_narrative_20251010_210903,C:\Users\kelly\GitHub\idt\idtexternal\testimages,wf_testimages_ollama_llava_34b_narrative_20251010_210903,wf_idtexternal_testimages_ollama_llava_34b_narrative_20251010_210903,wf_idt_idtexternal_testimages_ollama_llava_34b_narrative_20251010_210903
wf_ollama_llava_34b_narrative_20251011_003826,C:\Users\kelly\GitHub\idt\idtexternal\testimages,wf_testimages_ollama_llava_34b_narrative_20251011_003826,wf_idtexternal_testimages_ollama_llava_34b_narrative_20251011_003826,wf_idt_idtexternal_testimages_ollama_llava_34b_narrative_20251011_003826
wf_ollama_llava_7b_narrative_20251009_170802,C:\Users\kelly\GitHub\idt\test_images,wf_test_images_ollama_llava_7b_narrative_20251009_170802,wf_idt_test_images_ollama_llava_7b_narrative_20251009_170802,wf_github_idt_test_images_ollama_llava_7b_narrative_20251009_170802
wf_ollama_llava_7b_narrative_20251010_215439,C:\Users\kelly\GitHub\idt\idtexternal\testimages,wf_testimages_ollama_llava_7b_narrative_20251010_215439,wf_idtexternal_testimages_ollama_llava_7b_narrative_20251010_215439,wf_idt_idtexternal_testimages_ollama_llava_7b_narrative_20251010_215439
wf_ollama_llava_7b_narrative_20251011_005831,C:\Users\kelly\GitHub\idt\idtexternal\testimages,wf_testimages_ollama_llava_7b_narrative_20251011_005831,wf_idtexternal_testimages_ollama_llava_7b_narrative_20251011_005831,wf_idt_idtexternal_testimages_ollama_llava_7b_narrative_20251011_005831
wf_ollama_llava_latest_colorful_20251010_162245,C:\users\kelly\github\testimages,wf_testimages_ollama_llava_latest_colorful_20251010_162245,wf_github_testimages_ollama_llava_latest_colorful_20251010_162245,wf_kelly_github_testimages_ollama_llava_latest_colorful_20251010_162245
wf_ollama_llava_latest_detailed_20251009_161801,C:\idt\testimages,wf_testimages_ollama_llava_latest_detailed_20251009_161801,wf_idt_testimages_ollama_llava_latest_detailed_20251009_161801,wf_c_idt_testimages_ollama_llava_latest_detailed_20251009_161801
wf_ollama_llava_latest_detailed_20251009_190047,C:\Users\kelly\GitHub\idt\test_images,wf_test_images_ollama_llava_latest_detailed_20251009_190047,wf_idt_test_images_ollama_llava_latest_detailed_20251009_190047,wf_github_idt_test_images_ollama_llava_latest_detailed_20251009_190047
wf_ollama_llava_latest_detailed_20251009_210227,C:\idt\testimages,wf_testimages_ollama_llava_latest_detailed_20251009_210227,wf_idt_testimages_ollama_llava_latest_detailed_20251009_210227,wf_c_idt_testimages_ollama_llava_latest_detailed_20251009_210227
wf_ollama_llava_latest_narrative_20251010_163907,C:\Users\kelly\GitHub\idt\test_video,wf_test_video_ollama_llava_latest_narrative_20251010_163907,wf_idt_test_video_ollama_llava_latest_narrative_20251010_163907,wf_github_idt_test_video_ollama_llava_latest_narrative_20251010_163907
wf_ollama_llava_latest_narrative_20251010_221058,C:\Users\kelly\GitHub\idt\idtexternal\testimages,wf_testimages_ollama_llava_latest_narrative_20251010_221058,wf_idtexternal_testimages_ollama_llava_latest_narrative_20251010_221058,wf_idt_idtexternal_testimages_ollama_llava_latest_narrative_20251010_221058
wf_ollama_llava_latest_narrative_20251011_010034,C:\Users\kelly\GitHub\idt\idtexternal\testimages,wf_testimages_ollama_llava_latest_narrative_20251011_010034,wf_idtexternal_testimages_ollama_llava_latest_narrative_20251011_010034,wf_idt_idtexternal_testimages_ollama_llava_latest_narrative_20251011_010034
wf_ollama_llava_narrative_20251010_003544,C:\Users\kelly\OneDrive\personal\Pictures\Ireland India England,wf_ireland_india_england_ollama_llava_narrative_20251010_003544,wf_pictures_ireland_india_england_ollama_llava_narrative_20251010_003544,wf_personal_pictures_ireland_india_england_ollama_llava_narrative_20251010_003544
wf_ollama_minicpm-v_8b_narrative_20251010_210430,C:\Users\kelly\GitHub\idt\idtexternal\testimages,wf_testimages_ollama_minicpm-v_8b_narrative_20251010_210430,wf_idtexternal_testimages_ollama_minicpm-v_8b_narrative_20251010_210430,wf_idt_idtexternal_testimages_ollama_minicpm-v_8b_narrative_20251010_210430
wf_ollama_minicpm-v_8b_narrative_20251010_233816,\\ford\home\photos\MobileBackup\iPhone\2025\09,wf_09_ollama_minicpm-v_8b_narrative_20251010_233816,wf_2025_09_ollama_minicpm-v_8b_narrative_20251010_233816,wf_iphone_2025_09_ollama_minicpm-v_8b_narrative_20251010_233816
wf_ollama_minicpm-v_8b_narrative_20251011_003603,C:\Users\kelly\GitHub\idt\idtexternal\testimages,wf_testimages_ollama_minicpm-v_8b_narrative_20251011_003603,wf_idtexternal_testimages_ollama_minicpm-v_8b_narrative_20251011_003603,wf_idt_idtexternal_testimages_ollama_minicpm-v_8b_narrative_20251011_003603
wf_ollama_minicpm-v_latest_detailed_20251009_194136,C:\idt\testimages,wf_testimages_ollama_minicpm-v_latest_detailed_20251009_194136,wf_idt_testimages_ollama_minicpm-v_latest_detailed_20251009_194136,wf_c_idt_testimages_ollama_minicpm-v_latest_detailed_20251009_194136
wf_ollama_minicpm-v_latest_narrative_20251010_210715,C:\Users\kelly\GitHub\idt\idtexternal\testimages,wf_testimages_ollama_minicpm-v_latest_narrative_20251010_210715,wf_idtexternal_testimages_ollama_minicpm-v_latest_narrative_20251010_210715,wf_idt_idtexternal_testimages_ollama_minicpm-v_latest_narrative_20251010_210715
wf_ollama_minicpm-v_latest_narrative_20251011_003734,C:\Users\kelly\GitHub\idt\idtexternal\testimages,wf_testimages_ollama_minicpm-v_latest_narrative_20251011_003734,wf_idtexternal_testimages_ollama_minicpm-v_latest_narrative_20251011_003734,wf_idt_idtexternal_testimages_ollama_minicpm-v_latest_narrative_20251011_003734
wf_ollama_mistral-small3.1_latest_detailed_20251009_191842,C:\Users\kelly\GitHub\idt\test_images,wf_test_images_ollama_mistral-small3.1_latest_detailed_20251009_191842,wf_idt_test_images_ollama_mistral-small3.1_latest_detailed_20251009_191842,wf_github_idt_test_images_ollama_mistral-small3.1_latest_detailed_20251009_191842
wf_ollama_mistral-small3.1_latest_narrative_20251010_213141,C:\Users\kelly\GitHub\idt\idtexternal\testimages,wf_testimages_ollama_mistral-small3.1_latest_narrative_20251010_213141,wf_idtexternal_testimages_ollama_mistral-small3.1_latest_narrative_20251010_213141,wf_idt_idtexternal_testimages_ollama_mistral-small3.1_latest_narrative_20251010_213141
wf_ollama_mistral-small3.1_latest_narrative_20251011_005317,C:\Users\kelly\GitHub\idt\idtexternal\testimages,wf_testimages_ollama_mistral-small3.1_latest_narrative_20251011_005317,wf_idtexternal_testimages_ollama_mistral-small3.1_latest_narrative_20251011_005317,wf_idt_idtexternal_testimages_ollama_mistral-small3.1_latest_narrative_20251011_005317
wf_ollama_mistral-small3.2_latest_detailed_20251009_191306,C:\Users\kelly\GitHub\idt\test_images,wf_test_images_ollama_mistral-small3.2_latest_detailed_20251009_191306,wf_idt_test_images_ollama_mistral-small3.2_latest_detailed_20251009_191306,wf_github_idt_test_images_ollama_mistral-small3.2_latest_detailed_20251009_191306
wf_ollama_mistral-small3.2_latest_detailed_20251009_200959,C:\idt\testimages,wf_testimages_ollama_mistral-small3.2_latest_detailed_20251009_200959,wf_idt_testimages_ollama_mistral-small3.2_latest_detailed_20251009_200959,wf_c_idt_testimages_ollama_mistral-small3.2_latest_detailed_20251009_200959
wf_ollama_mistral-small3.2_latest_narrative_20251010_204832,C:\Users\kelly\GitHub\idt\idtexternal\testimages,wf_testimages_ollama_mistral-small3.2_latest_narrative_20251010_204832,wf_idtexternal_testimages_ollama_mistral-small3.2_latest_narrative_20251010_204832,wf_idt_idtexternal_testimages_ollama_mistral-small3.2_latest_narrative_20251010_204832
wf_ollama_mistral-small3.2_latest_narrative_20251010_221623,\\ford\home\photos\MobileBackup\iPhone\2025\09,wf_09_ollama_mistral-small3.2_latest_narrative_20251010_221623,wf_2025_09_ollama_mistral-small3.2_latest_narrative_20251010_221623,wf_iphone_2025_09_ollama_mistral-small3.2_latest_narrative_20251010_221623
wf_ollama_mistral-small3.2_latest_narrative_20251011_002715,C:\Users\kelly\GitHub\idt\idtexternal\testimages,wf_testimages_ollama_mistral-small3.2_latest_narrative_20251011_002715,wf_idtexternal_testimages_ollama_mistral-small3.2_latest_narrative_20251011_002715,wf_idt_idtexternal_testimages_ollama_mistral-small3.2_latest_narrative_20251011_002715
wf_ollama_moondream_artistic_20251009_170732,C:\Users\kelly\GitHub\idt\test_images,wf_test_images_ollama_moondream_artistic_20251009_170732,wf_idt_test_images_ollama_moondream_artistic_20251009_170732,wf_github_idt_test_images_ollama_moondream_artistic_20251009_170732
wf_ollama_moondream_artistic_20251010_160502,C:\users\kelly\github\testimages,wf_testimages_ollama_moondream_artistic_20251010_160502,wf_github_testimages_ollama_moondream_artistic_20251010_160502,wf_kelly_github_testimages_ollama_moondream_artistic_20251010_160502
wf_ollama_moondream_artistic_20251010_160606,C:\users\kelly\github\testimages,wf_testimages_ollama_moondream_artistic_20251010_160606,wf_github_testimages_ollama_moondream_artistic_20251010_160606,wf_kelly_github_testimages_ollama_moondream_artistic_20251010_160606
wf_ollama_moondream_artistic_20251010_160611,C:\users\kelly\github\testimages,wf_testimages_ollama_moondream_artistic_20251010_160611,wf_github_testimages_ollama_moondream_artistic_20251010_160611,wf_kelly_github_testimages_ollama_moondream_artistic_20251010_160611
wf_ollama_moondream_artistic_20251010_160615,C:\users\kelly\github\testimages,wf_testimages_ollama_moondream_artistic_20251010_160615,wf_github_testimages_ollama_moondream_artistic_20251010_160615,wf_kelly_github_testimages_ollama_moondream_artistic_20251010_160615
wf_ollama_moondream_artistic_20251010_160654,C:\users\kelly\github\testimages,wf_testimages_ollama_moondream_artistic_20251010_160654,wf_github_testimages_ollama_moondream_artistic_20251010_160654,wf_kelly_github_testimages_ollama_moondream_artistic_20251010_160654
wf_ollama_moondream_artistic_20251010_180917,C:\Users\kelly\GitHub\idt\Descriptions,wf_descriptions_ollama_moondream_artistic_20251010_180917,wf_idt_descriptions_ollama_moondream_artistic_20251010_180917,wf_github_idt_descriptions_ollama_moondream_artistic_20251010_180917
wf_ollama_moondream_artistic_20251010_180926,C:\Users\kelly\GitHub\idt\test_source_artistic,wf_test_source_artistic_ollama_moondream_artistic_20251010_180926,wf_idt_test_source_artistic_ollama_moondream_artistic_20251010_180926,wf_github_idt_test_source_artistic_ollama_moondream_artistic_20251010_180926
wf_ollama_moondream_colorful_20251009_160105,C:\idt\testimages,wf_testimages_ollama_moondream_colorful_20251009_160105,wf_idt_testimages_ollama_moondream_colorful_20251009_160105,wf_c_idt_testimages_ollama_moondream_colorful_20251009_160105
wf_ollama_moondream_colorful_20251009_170600,C:\Users\kelly\GitHub\idt\test_images,wf_test_images_ollama_moondream_colorful_20251009_170600,wf_idt_test_images_ollama_moondream_colorful_20251009_170600,wf_github_idt_test_images_ollama_moondream_colorful_20251009_170600
wf_ollama_moondream_colorful_20251009_170617,C:\Users\kelly\GitHub\idt\test_images,wf_test_images_ollama_moondream_colorful_20251009_170617,wf_idt_test_images_ollama_moondream_colorful_20251009_170617,wf_github_idt_test_images_ollama_moondream_colorful_20251009_170617
wf_ollama_moondream_colorful_20251009_170705,C:\Users\kelly\GitHub\idt\test_images,wf_test_images_ollama_moondream_colorful_20251009_170705,wf_idt_test_images_ollama_moondream_colorful_20251009_170705,wf_github_idt_test_images_ollama_moondream_colorful_20251009_170705
wf_ollama_moondream_colorful_20251009_170838,C:\Users\kelly\GitHub\idt\test_images,wf_test_images_ollama_moondream_colorful_20251009_170838,wf_idt_test_images_ollama_moondream_colorful_20251009_170838,wf_github_idt_test_images_ollama_moondream_colorful_20251009_170838
wf_ollama_moondream_colorful_20251009_171200,C:\idt\testimages,wf_testimages_ollama_moondream_colorful_20251009_171200,wf_idt_testimages_ollama_moondream_colorful_20251009_171200,wf_c_idt_testimages_ollama_moondream_colorful_20251009_171200
wf_ollama_moondream_colorful_20251009_171409,\\ford\home\Photos\MobileBackup\iPhone\2019\07,wf_07_ollama_moondream_colorful_20251009_171409,wf_2019_07_ollama_moondream_colorful_20251009_171409,wf_iphone_2019_07_ollama_moondream_colorful_20251009_171409
wf_ollama_moondream_colorful_20251009_183608,C:\idt\testimages,wf_testimages_ollama_moondream_colorful_20251009_183608,wf_idt_testimages_ollama_moondream_colorful_20251009_183608,wf_c_idt_testimages_ollama_moondream_colorful_20251009_183608
wf_ollama_moondream_detailed_20251009_170745,C:\Users\kelly\GitHub\idt\test_images,wf_test_images_ollama_moondream_detailed_20251009_170745,wf_idt_test_images_ollama_moondream_detailed_20251009_170745,wf_github_idt_test_images_ollama_moondream_detailed_20251009_170745
wf_ollama_moondream_latest_artistic_20251010_162217,C:\users\kelly\github\testimages,wf_testimages_ollama_moondream_latest_artistic_20251010_162217,wf_github_testimages_ollama_moondream_latest_artistic_20251010_162217,wf_kelly_github_testimages_ollama_moondream_latest_artistic_20251010_162217
wf_ollama_moondream_latest_colorful_20251009_202925,C:\Users\kelly\GitHub\idt\test_output,wf_test_output_ollama_moondream_latest_colorful_20251009_202925,wf_idt_test_output_ollama_moondream_latest_colorful_20251009_202925,wf_github_idt_test_output_ollama_moondream_latest_colorful_20251009_202925
wf_ollama_moondream_latest_colorful_20251009_202938,C:\Users\kelly\GitHub\idt\test_output,wf_test_output_ollama_moondream_latest_colorful_20251009_202938,wf_idt_test_output_ollama_moondream_latest_colorful_20251009_202938,wf_github_idt_test_output_ollama_moondream_latest_colorful_20251009_202938
wf_ollama_moondream_latest_colorful_20251009_210610,C:\Users\kelly\GitHub\idt\test_output,wf_test_output_ollama_moondream_latest_colorful_20251009_210610,wf_idt_test_output_ollama_moondream_latest_colorful_20251009_210610,wf_github_idt_test_output_ollama_moondream_latest_colorful_20251009_210610
wf_ollama_moondream_latest_colorful_20251009_213822,C:\Users\kelly\GitHub\idt\test_output,wf_test_output_ollama_moondream_latest_colorful_20251009_213822,wf_idt_test_output_ollama_moondream_latest_colorful_20251009_213822,wf_github_idt_test_output_ollama_moondream_latest_colorful_20251009_213822
wf_ollama_moondream_latest_colorful_20251009_214505,c:\idt\testimages,wf_testimages_ollama_moondream_latest_colorful_20251009_214505,wf_idt_testimages_ollama_moondream_latest_colorful_20251009_214505,wf_c_idt_testimages_ollama_moondream_latest_colorful_20251009_214505
wf_ollama_moondream_latest_detailed_20251009_161740,C:\idt\testimages,wf_testimages_ollama_moondream_latest_detailed_20251009_161740,wf_idt_testimages_ollama_moondream_latest_detailed_20251009_161740,wf_c_idt_testimages_ollama_moondream_latest_detailed_20251009_161740
wf_ollama_moondream_latest_detailed_20251009_191248,C:\Users\kelly\GitHub\idt\test_images,wf_test_images_ollama_moondream_latest_detailed_20251009_191248,wf_idt_test_images_ollama_moondream_latest_detailed_20251009_191248,wf_github_idt_test_images_ollama_moondream_latest_detailed_20251009_191248
wf_ollama_moondream_latest_detailed_20251009_210051,C:\idt\testimages,wf_testimages_ollama_moondream_latest_detailed_20251009_210051,wf_idt_testimages_ollama_moondream_latest_detailed_20251009_210051,wf_c_idt_testimages_ollama_moondream_latest_detailed_20251009_210051
wf_ollama_moondream_latest_narrative_20251009_202931,C:\Users\kelly\GitHub\idt\test_output,wf_test_output_ollama_moondream_latest_narrative_20251009_202931,wf_idt_test_output_ollama_moondream_latest_narrative_20251009_202931,wf_github_idt_test_output_ollama_moondream_latest_narrative_20251009_202931
wf_ollama_moondream_latest_narrative_20251009_210632,C:\Users\kelly\GitHub\idt\test_output,wf_test_output_ollama_moondream_latest_narrative_20251009_210632,wf_idt_test_output_ollama_moondream_latest_narrative_20251009_210632,wf_github_idt_test_output_ollama_moondream_latest_narrative_20251009_210632
wf_ollama_moondream_latest_narrative_20251010_162211,C:\users\kelly\github\testimages,wf_testimages_ollama_moondream_latest_narrative_20251010_162211,wf_github_testimages_ollama_moondream_latest_narrative_20251010_162211,wf_kelly_github_testimages_ollama_moondream_latest_narrative_20251010_162211
wf_ollama_moondream_latest_narrative_20251010_162933,C:\users\kelly\github\testimages,wf_testimages_ollama_moondream_latest_narrative_20251010_162933,wf_github_testimages_ollama_moondream_latest_narrative_20251010_162933,wf_kelly_github_testimages_ollama_moondream_latest_narrative_20251010_162933
wf_ollama_moondream_latest_narrative_20251010_163847,C:\Users\kelly\GitHub\idt\test_video,wf_test_video_ollama_moondream_latest_narrative_20251010_163847,wf_idt_test_video_ollama_moondream_latest_narrative_20251010_163847,wf_github_idt_test_video_ollama_moondream_latest_narrative_20251010_163847
wf_ollama_moondream_latest_narrative_20251010_195544,C:\Users\kelly\GitHub\idt\idtexternal\testimages,wf_testimages_ollama_moondream_latest_narrative_20251010_195544,wf_idtexternal_testimages_ollama_moondream_latest_narrative_20251010_195544,wf_idt_idtexternal_testimages_ollama_moondream_latest_narrative_20251010_195544
wf_ollama_moondream_latest_narrative_20251010_200431,C:\Users\kelly\GitHub\idt\idtexternal\testimages,wf_testimages_ollama_moondream_latest_narrative_20251010_200431,wf_idtexternal_testimages_ollama_moondream_latest_narrative_20251010_200431,wf_idt_idtexternal_testimages_ollama_moondream_latest_narrative_20251010_200431
wf_ollama_moondream_latest_narrative_20251010_204736,C:\Users\kelly\GitHub\idt\idtexternal\testimages,wf_testimages_ollama_moondream_latest_narrative_20251010_204736,wf_idtexternal_testimages_ollama_moondream_latest_narrative_20251010_204736,wf_idt_idtexternal_testimages_ollama_moondream_latest_narrative_20251010_204736
wf_ollama_moondream_latest_narrative_20251010_220525,\\ford\home\photos\MobileBackup\iPhone\2025\09,wf_09_ollama_moondream_latest_narrative_20251010_220525,wf_2025_09_ollama_moondream_latest_narrative_20251010_220525,wf_iphone_2025_09_ollama_moondream_latest_narrative_20251010_220525
wf_ollama_moondream_latest_narrative_20251011_002644,C:\Users\kelly\GitHub\idt\idtexternal\testimages,wf_testimages_ollama_moondream_latest_narrative_20251011_002644,wf_idtexternal_testimages_ollama_moondream_latest_narrative_20251011_002644,wf_idt_idtexternal_testimages_ollama_moondream_latest_narrative_20251011_002644
wf_ollama_moondream_narrative_20251009_155742,C:\idt\testimages,wf_testimages_ollama_moondream_narrative_20251009_155742,wf_idt_testimages_ollama_moondream_narrative_20251009_155742,wf_c_idt_testimages_ollama_moondream_narrative_20251009_155742
wf_ollama_moondream_narrative_20251009_170814,C:\Users\kelly\GitHub\idt\test_images,wf_test_images_ollama_moondream_narrative_20251009_170814,wf_idt_test_images_ollama_moondream_narrative_20251009_170814,wf_github_idt_test_images_ollama_moondream_narrative_20251009_170814
wf_ollama_moondream_narrative_20251009_192711,C:\idt\testimages,wf_testimages_ollama_moondream_narrative_20251009_192711,wf_idt_testimages_ollama_moondream_narrative_20251009_192711,wf_c_idt_testimages_ollama_moondream_narrative_20251009_192711
wf_ollama_moondream_narrative_20251009_205742,C:\idt\testimages,wf_testimages_ollama_moondream_narrative_20251009_205742,wf_idt_testimages_ollama_moondream_narrative_20251009_205742,wf_c_idt_testimages_ollama_moondream_narrative_20251009_205742
wf_ollama_moondream_narrative_20251009_235704,c:\users\kelly\github\testimages,wf_testimages_ollama_moondream_narrative_20251009_235704,wf_github_testimages_ollama_moondream_narrative_20251009_235704,wf_kelly_github_testimages_ollama_moondream_narrative_20251009_235704
wf_ollama_moondream_narrative_20251009_235900,\\ford\home\Photos\MobileBackup\iPhone\2021\09,wf_09_ollama_moondream_narrative_20251009_235900,wf_2021_09_ollama_moondream_narrative_20251009_235900,wf_iphone_2021_09_ollama_moondream_narrative_20251009_235900
wf_ollama_moondream_narrative_20251010_000118,C:\Users\kelly\OneDrive\personal\Pictures\iphone,wf_iphone_ollama_moondream_narrative_20251010_000118,wf_pictures_iphone_ollama_moondream_narrative_20251010_000118,wf_personal_pictures_iphone_ollama_moondream_narrative_20251010_000118
wf_ollama_moondream_narrative_20251010_162845,C:\users\kelly\github\testimages,wf_testimages_ollama_moondream_narrative_20251010_162845,wf_github_testimages_ollama_moondream_narrative_20251010_162845,wf_kelly_github_testimages_ollama_moondream_narrative_20251010_162845
wf_ollama_moondream_narrative_20251010_162917,C:\users\kelly\github\testimages,wf_testimages_ollama_moondream_narrative_20251010_162917,wf_github_testimages_ollama_moondream_narrative_20251010_162917,wf_kelly_github_testimages_ollama_moondream_narrative_20251010_162917
wf_ollama_moondream_narrative_20251010_163412,C:\users\kelly\github\testimages,wf_testimages_ollama_moondream_narrative_20251010_163412,wf_github_testimages_ollama_moondream_narrative_20251010_163412,wf_kelly_github_testimages_ollama_moondream_narrative_20251010_163412
wf_ollama_moondream_narrative_20251010_163828,C:\Users\kelly\GitHub\idt\test_video,wf_test_video_ollama_moondream_narrative_20251010_163828,wf_idt_test_video_ollama_moondream_narrative_20251010_163828,wf_github_idt_test_video_ollama_moondream_narrative_20251010_163828
wf_ollama_moondream_technical_20251009_170738,C:\Users\kelly\GitHub\idt\test_images,wf_test_images_ollama_moondream_technical_20251009_170738,wf_idt_test_images_ollama_moondream_technical_20251009_170738,wf_github_idt_test_images_ollama_moondream_technical_20251009_170738
wf_ollama_qwen2.5vl_colorful_20251009_204922,C:\Users\kelly\GitHub\idt\test_output,wf_test_output_ollama_qwen2.5vl_colorful_20251009_204922,wf_idt_test_output_ollama_qwen2.5vl_colorful_20251009_204922,wf_github_idt_test_output_ollama_qwen2.5vl_colorful_20251009_204922
wf_ollama_qwen2.5vl_detailed_20251009_162724,C:\idt\testimages,wf_testimages_ollama_qwen2.5vl_detailed_20251009_162724,wf_idt_testimages_ollama_qwen2.5vl_detailed_20251009_162724,wf_c_idt_testimages_ollama_qwen2.5vl_detailed_20251009_162724
wf_ollama_qwen2.5vl_latest_detailed_20251009_194435,C:\idt\testimages,wf_testimages_ollama_qwen2.5vl_latest_detailed_20251009_194435,wf_idt_testimages_ollama_qwen2.5vl_latest_detailed_20251009_194435,wf_c_idt_testimages_ollama_qwen2.5vl_latest_detailed_20251009_194435
wf_ollama_qwen2.5vl_latest_narrative_20251010_205819,C:\Users\kelly\GitHub\idt\idtexternal\testimages,wf_testimages_ollama_qwen2.5vl_latest_narrative_20251010_205819,wf_idtexternal_testimages_ollama_qwen2.5vl_latest_narrative_20251010_205819,wf_idt_idtexternal_testimages_ollama_qwen2.5vl_latest_narrative_20251010_205819
wf_ollama_qwen2.5vl_latest_narrative_20251010_231557,\\ford\home\photos\MobileBackup\iPhone\2025\09,wf_09_ollama_qwen2.5vl_latest_narrative_20251010_231557,wf_2025_09_ollama_qwen2.5vl_latest_narrative_20251010_231557,wf_iphone_2025_09_ollama_qwen2.5vl_latest_narrative_20251010_231557
wf_ollama_qwen2.5vl_latest_narrative_20251011_003231,C:\Users\kelly\GitHub\idt\idtexternal\testimages,wf_testimages_ollama_qwen2.5vl_latest_narrative_20251011_003231,wf_idtexternal_testimages_ollama_qwen2.5vl_latest_narrative_20251011_003231,wf_idt_idtexternal_testimages_ollama_qwen2.5vl_latest_narrative_20251011_003231
wf_openai_gpt-4o-mini_detailed_20251009_162703,c:\idt\testimages,wf_testimages_openai_gpt-4o-mini_detailed_20251009_162703,wf_idt_testimages_openai_gpt-4o-mini_detailed_20251009_162703,wf_c_idt_testimages_openai_gpt-4o-mini_detailed_20251009_162703
wf_openai_gpt-4o-mini_detailed_20251009_163634,C:\idt\testimages,wf_testimages_openai_gpt-4o-mini_detailed_20251009_163634,wf_idt_testimages_openai_gpt-4o-mini_detailed_20251009_163634,wf_c_idt_testimages_openai_gpt-4o-mini_detailed_20251009_163634
wf_openai_gpt-4o-mini_narrative_20251010_205744,C:\Users\kelly\GitHub\idt\idtexternal\testimages,wf_testimages_openai_gpt-4o-mini_narrative_20251010_205744,wf_idtexternal_testimages_openai_gpt-4o-mini_narrative_20251010_205744,wf_idt_idtexternal_testimages_openai_gpt-4o-mini_narrative_20251010_205744
wf_openai_gpt-4o-mini_narrative_20251011_003610,C:\Users\kelly\GitHub\idt\idtexternal\idt\bat\testimages,wf_testimages_openai_gpt-4o-mini_narrative_20251011_003610,wf_bat_testimages_openai_gpt-4o-mini_narrative_20251011_003610,wf_idt_bat_testimages_openai_gpt-4o-mini_narrative_20251011_003610
wf_openai_gpt-4o_detailed_20251009_162624,c:\idt\testimages,wf_testimages_openai_gpt-4o_detailed_20251009_162624,wf_idt_testimages_openai_gpt-4o_detailed_20251009_162624,wf_c_idt_testimages_openai_gpt-4o_detailed_20251009_162624
wf_openai_gpt-4o_detailed_20251009_163630,C:\idt\testimages,wf_testimages_openai_gpt-4o_detailed_20251009_163630,wf_idt_testimages_openai_gpt-4o_detailed_20251009_163630,wf_c_idt_testimages_openai_gpt-4o_detailed_20251009_163630
wf_openai_gpt-4o_narrative_20251010_205401,C:\Users\kelly\GitHub\idt\idtexternal\testimages,wf_testimages_openai_gpt-4o_narrative_20251010_205401,wf_idtexternal_testimages_openai_gpt-4o_narrative_20251010_205401,wf_idt_idtexternal_testimages_openai_gpt-4o_narrative_20251010_205401
wf_openai_gpt-4o_narrative_20251010_205546,C:\Users\kelly\GitHub\idt\idtexternal\testimages,wf_testimages_openai_gpt-4o_narrative_20251010_205546,wf_idtexternal_testimages_openai_gpt-4o_narrative_20251010_205546,wf_idt_idtexternal_testimages_openai_gpt-4o_narrative_20251010_205546
wf_openai_gpt-4o_narrative_20251011_003527,C:\Users\kelly\GitHub\idt\idtexternal\idt\bat\testimages,wf_testimages_openai_gpt-4o_narrative_20251011_003527,wf_bat_testimages_openai_gpt-4o_narrative_20251011_003527,wf_idt_bat_testimages_openai_gpt-4o_narrative_20251011_003527
wf_openai_gpt-5_detailed_20251009_162732,c:\idt\testimages,wf_testimages_openai_gpt-5_detailed_20251009_162732,wf_idt_testimages_openai_gpt-5_detailed_20251009_162732,wf_c_idt_testimages_openai_gpt-5_detailed_20251009_162732
wf_openai_gpt-5_detailed_20251009_163639,C:\idt\testimages,wf_testimages_openai_gpt-5_detailed_20251009_163639,wf_idt_testimages_openai_gpt-5_detailed_20251009_163639,wf_c_idt_testimages_openai_gpt-5_detailed_20251009_163639
wf_openai_gpt-5_detailed_20251009_190832,C:\Users\kelly\GitHub\idt\test_images,wf_test_images_openai_gpt-5_detailed_20251009_190832,wf_idt_test_images_openai_gpt-5_detailed_20251009_190832,wf_github_idt_test_images_openai_gpt-5_detailed_20251009_190832
wf_openai_gpt-5_narrative_20251010_205933,C:\Users\kelly\GitHub\idt\idtexternal\testimages,wf_testimages_openai_gpt-5_narrative_20251010_205933,wf_idtexternal_testimages_openai_gpt-5_narrative_20251010_205933,wf_idt_idtexternal_testimages_openai_gpt-5_narrative_20251010_205933
wf_openai_gpt-5_narrative_20251011_003654,C:\Users\kelly\GitHub\idt\idtexternal\idt\bat\testimages,wf_testimages_openai_gpt-5_narrative_20251011_003654,wf_bat_testimages_openai_gpt-5_narrative_20251011_003654,wf_idt_bat_testimages_openai_gpt-5_narrative_20251011_003654
wf_openai_moondream_narrative_20251009_170808,C:\Users\kelly\GitHub\idt\test_images,wf_test_images_openai_moondream_narrative_20251009_170808,wf_idt_test_images_openai_moondream_narrative_20251009_170808,wf_github_idt_test_images_openai_moondream_narrative_20251009_170808
